{"cameraMode":{"drawMode":0,"name":"Shaded","section":"Shading Mode"},"sceneLighting":true,"audioPlay":false,"sceneViewState":{"m_AlwaysRefresh":false,"showFog":true,"showSkybox":true,"showFlares":true,"showImageEffects":true,"showParticleSystems":true,"showVisualEffectGraphs":true,"m_FxEnabled":true},"in2DMode":false,"pivot":{"x":3.628847122192383,"y":-9.746500015258789,"z":-1.7757446765899659},"rotation":{"x":0.2565707862377167,"y":-0.04927809536457062,"z":0.013077372685074807,"w":0.9652054309844971},"size":21.117006301879884,"orthographic":false}