{"cameraMode":{"drawMode":0,"name":"Shaded","section":"Shading Mode"},"sceneLighting":true,"audioPlay":false,"sceneViewState":{"m_AlwaysRefresh":false,"showFog":true,"showSkybox":true,"showFlares":true,"showImageEffects":true,"showParticleSystems":true,"showVisualEffectGraphs":true,"m_FxEnabled":true},"in2DMode":false,"pivot":{"x":-19.287036895751954,"y":-8.027214050292969,"z":11.470341682434082},"rotation":{"x":-0.20307613909244538,"y":0.04637332260608673,"z":-0.009987547062337399,"w":-0.9786987900733948},"size":28.932071685791017,"orthographic":false}