{"cameraMode":{"drawMode":0,"name":"Shaded","section":"Shading Mode"},"sceneLighting":true,"audioPlay":false,"sceneViewState":{"m_AlwaysRefresh":false,"showFog":true,"showSkybox":true,"showFlares":true,"showImageEffects":true,"showParticleSystems":true,"showVisualEffectGraphs":true,"m_FxEnabled":true},"in2DMode":false,"pivot":{"x":-1.0837221145629883,"y":2.834608316421509,"z":-10.44271469116211},"rotation":{"x":-0.2334688901901245,"y":-0.08145829290151596,"z":0.020321112126111985,"w":-0.9693828225135803},"size":0.9493226408958435,"orthographic":false}